ticker,name
AAPL,Apple Inc. Common Stock
AMAT,Applied Materials Inc. Common Stock
AMGN,Amgen Inc. Common Stock
CMCSA,Comcast Corporation Class A Common Stock
INTC,Intel Corporation Common Stock
KLAC,KLA Corporation Common Stock
PCAR,PACCAR Inc. Common Stock
CTAS,Cintas Corporation Common Stock
PAYX,Paychex Inc. Common Stock
LRCX,Lam Research Corporation Common Stock
ADSK,Autodesk Inc. Common Stock
ROST,Ross Stores Inc. Common Stock
MNST,Monster Beverage Corporation
MSFT,Microsoft Corporation Common Stock
ADBE,Adobe Inc. Common Stock
FAST,Fastenal Company Common Stock
CSCO,Cisco Systems Inc. Common Stock (DE)
REGN,Regeneron Pharmaceuticals Inc. Common Stock
IDXX,IDEXX Laboratories Inc. Common Stock
VRTX,Vertex Pharmaceuticals Incorporated Common Stock
ODFL,Old Dominion Freight Line Inc. Common Stock
QCOM,QUALCOMM Incorporated Common Stock
GILD,Gilead Sciences Inc. Common Stock
SNPS,Synopsys Inc. Common Stock
SBUX,Starbucks Corporation Common Stock
INTU,Intuit Inc. Common Stock
MCHP,Microchip Technology Incorporated Common Stock
ORLY,O'Reilly Automotive Inc. Common Stock
COST,Costco Wholesale Corporation Common Stock
CPRT,Copart Inc. (DE) Common Stock
ASML,ASML Holding N.V. New York Registry Shares
TTWO,Take-Two Interactive Software Inc. Common Stock
AMZN,Amazon.com Inc. Common Stock
MSTR,Strategy Inc Common Stock Class A
NVDA,NVIDIA Corporation Common Stock
BKNG,Booking Holdings Inc. Common Stock
ISRG,Intuitive Surgical Inc. Common Stock
MRVL,Marvell Technology Inc. Common Stock
ADI,Analog Devices Inc. Common Stock
AEP,American Electric Power Company Inc. Common Stock
AMD,Advanced Micro Devices Inc. Common Stock
ADP,Automatic Data Processing Inc. Common Stock
CDNS,Cadence Design Systems Inc. Common Stock
CSX,CSX Corporation Common Stock
HON,Honeywell International Inc. Common Stock
MAR,Marriott International Class A Common Stock
MU,Micron Technology Inc. Common Stock
XEL,Xcel Energy Inc. Common Stock
EXC,Exelon Corporation Common Stock
PEP,PepsiCo Inc. Common Stock
ROP,Roper Technologies Inc. Common Stock
TER,Teradyne Inc. Common Stock
TXN,Texas Instruments Incorporated Common Stock
WDC,Western Digital Corporation Common Stock
WMT,Walmart Inc. Common Stock
AXON,Axon Enterprise Inc. Common Stock
MDLZ,Mondelez International Inc. Class A Common Stock
NFLX,Netflix Inc. Common Stock
STX,Seagate Technology Holdings PLC Ordinary Shares (Ireland)
ALNY,Alnylam Pharmaceuticals Inc. Common Stock
GOOGL,Alphabet Inc. Class A Common Stock
MPWR,Monolithic Power Systems Inc. Common Stock
DXCM,DexCom Inc. Common Stock
TMUS,T-Mobile US Inc. Common Stock
MELI,MercadoLibre Inc. Common Stock
KDP,Keurig Dr Pepper Inc. Common Stock
NBIS,Nebius Group N.V. Class A Ordinary Shares
AVGO,Broadcom Inc. Common Stock
FTNT,Fortinet Inc. Common Stock
TSLA,Tesla Inc. Common Stock
NXPI,NXP Semiconductors N.V. Common Stock
FANG,Diamondback Energy Inc. Common Stock
META,Meta Platforms Inc. Class A Common Stock
PANW,Palo Alto Networks Inc. Common Stock
WDAY,Workday Inc. Class A Common Stock
GOOG,Alphabet Inc. Class C Capital Stock
PYPL,PayPal Holdings Inc. Common Stock
SHOP,Shopify Inc. Class A Subordinate Voting Shares
LITE,Lumentum Holdings Inc. Common Stock
CCEP,Coca-Cola Europacific Partners plc Ordinary Shares
BKR,Baker Hughes Company Class A Common Stock
PDD,PDD Holdings Inc. American Depositary Shares
CRWD,CrowdStrike Holdings Inc. Class A Common Stock
DDOG,Datadog Inc. Class A Common Stock
RKLB,Rocket Lab Corporation Common Stock
PLTR,Palantir Technologies Inc. Class A Common Stock
ABNB,Airbnb Inc. Class A Common Stock
DASH,DoorDash Inc. Class A Common Stock
APP,Applovin Corporation Class A Common Stock
CEG,Constellation Energy Corporation Common Stock 
WBD,Warner Bros. Discovery Inc. Series A Common Stock 
GEHC,GE HealthCare Technologies Inc. Common Stock 
LIN,Linde plc Ordinary Shares
ARM,Arm Holdings plc American Depositary Shares
TRI,Thomson Reuters Corporation Common Shares
FER,Ferrovial N.V. Ordinary Shares
ALAB,Astera Labs Inc. Common Stock
SNDK,Sandisk Corporation Common Stock
CRWV,CoreWeave Inc. Class A Common Stock
SPCX,Space Exploration Technologies Corp. Class A Common Stock
HONA,Honeywell Aerospace Inc. Common Stock 
